DT_round,Measurement,Value
2024-04-26T12:30:00Z,Depth,1.21
2024-04-26T12:30:00Z,pH,7.5
2024-04-26T12:30:00Z,Tubidity,16.75
2024-04-26T12:30:00Z,Specific_Conductivity,55.14
2024-04-26T12:30:00Z,FDOM,2.3
2024-04-26T12:30:00Z,DO,10.01
2024-04-26T12:30:00Z,DO_Sat,NA
2024-04-26T12:30:00Z,Chl-a,0.05
2024-04-26T12:30:00Z,Temperature,3.23
2024-04-26T12:15:00Z,Depth,1.2
2024-04-26T12:15:00Z,pH,7.51
2024-04-26T12:15:00Z,Tubidity,15.61
2024-04-26T12:15:00Z,Specific_Conductivity,55.13
2024-04-26T12:15:00Z,FDOM,2.3
2024-04-26T12:15:00Z,DO,10
2024-04-26T12:15:00Z,DO_Sat,NA
2024-04-26T12:15:00Z,Chl-a,0.04
2024-04-26T12:15:00Z,Temperature,3.28
2024-04-26T12:00:00Z,Depth,1.2
2024-04-26T12:00:00Z,pH,7.46
2024-04-26T12:00:00Z,Tubidity,18.32
2024-04-26T12:00:00Z,Specific_Conductivity,54.89
2024-04-26T12:00:00Z,FDOM,2.3
2024-04-26T12:00:00Z,DO,9.97
2024-04-26T12:00:00Z,DO_Sat,NA
2024-04-26T12:00:00Z,Chl-a,0.03
2024-04-26T12:00:00Z,Temperature,NA
2024-04-26T11:45:00Z,Depth,1.19
2024-04-26T11:45:00Z,pH,7.5
2024-04-26T11:45:00Z,Tubidity,17.28
2024-04-26T11:45:00Z,Specific_Conductivity,54.87
2024-04-26T11:45:00Z,FDOM,2.28
2024-04-26T11:45:00Z,DO,9.95
2024-04-26T11:45:00Z,DO_Sat,NA
2024-04-26T11:45:00Z,Chl-a,0.8
2024-04-26T11:45:00Z,Temperature,3.4
2024-04-26T11:30:00Z,Depth,1.2
2024-04-26T11:30:00Z,pH,7.52
2024-04-26T11:30:00Z,Tubidity,18.61
2024-04-26T11:30:00Z,Specific_Conductivity,54.91
2024-04-26T11:30:00Z,FDOM,2.28
2024-04-26T11:30:00Z,DO,9.96
2024-04-26T11:30:00Z,DO_Sat,NA
2024-04-26T11:30:00Z,Chl-a,0.05
2024-04-26T11:30:00Z,Temperature,3.46
2024-04-26T11:15:00Z,Depth,1.2
2024-04-26T11:15:00Z,pH,7.48
2024-04-26T11:15:00Z,Tubidity,19.97
2024-04-26T11:15:00Z,Specific_Conductivity,55.08
2024-04-26T11:15:00Z,FDOM,2.39
2024-04-26T11:15:00Z,DO,9.96
2024-04-26T11:15:00Z,DO_Sat,NA
2024-04-26T11:15:00Z,Chl-a,0.24
2024-04-26T11:15:00Z,Temperature,3.52
2024-04-26T11:00:00Z,Depth,1.21
2024-04-26T11:00:00Z,pH,7.48
2024-04-26T11:00:00Z,Tubidity,17.5
2024-04-26T11:00:00Z,Specific_Conductivity,54.81
2024-04-26T11:00:00Z,FDOM,2.45
2024-04-26T11:00:00Z,DO,9.94
2024-04-26T11:00:00Z,DO_Sat,NA
2024-04-26T11:00:00Z,Chl-a,0.26
2024-04-26T11:00:00Z,Temperature,3.59
2024-04-26T10:45:00Z,Depth,1.21
2024-04-26T10:45:00Z,pH,7.49
2024-04-26T10:45:00Z,Tubidity,18.91
2024-04-26T10:45:00Z,Specific_Conductivity,54.76
2024-04-26T10:45:00Z,FDOM,2.28
2024-04-26T10:45:00Z,DO,9.94
2024-04-26T10:45:00Z,DO_Sat,NA
2024-04-26T10:45:00Z,Chl-a,0.05
2024-04-26T10:45:00Z,Temperature,3.65
2024-04-26T10:30:00Z,Depth,1.24
2024-04-26T10:30:00Z,pH,7.46
2024-04-26T10:30:00Z,Tubidity,20.78
2024-04-26T10:30:00Z,Specific_Conductivity,54.55
2024-04-26T10:30:00Z,FDOM,2.29
2024-04-26T10:30:00Z,DO,9.94
2024-04-26T10:30:00Z,DO_Sat,NA
2024-04-26T10:30:00Z,Chl-a,0.03
2024-04-26T10:30:00Z,Temperature,3.71
2024-04-26T10:15:00Z,Depth,1.24
2024-04-26T10:15:00Z,pH,7.53
2024-04-26T10:15:00Z,Tubidity,19.97
2024-04-26T10:15:00Z,Specific_Conductivity,54.54
2024-04-26T10:15:00Z,FDOM,2.29
2024-04-26T10:15:00Z,DO,9.9
2024-04-26T10:15:00Z,DO_Sat,NA
2024-04-26T10:15:00Z,Chl-a,0.03
2024-04-26T10:15:00Z,Temperature,3.77
2024-04-26T10:00:00Z,Depth,1.26
2024-04-26T10:00:00Z,pH,7.5
2024-04-26T10:00:00Z,Tubidity,22
2024-04-26T10:00:00Z,Specific_Conductivity,54.44
2024-04-26T10:00:00Z,FDOM,2.34
2024-04-26T10:00:00Z,DO,9.9
2024-04-26T10:00:00Z,DO_Sat,NA
2024-04-26T10:00:00Z,Chl-a,0.03
2024-04-26T10:00:00Z,Temperature,3.83
2024-04-26T09:45:00Z,Depth,1.25
2024-04-26T09:45:00Z,pH,7.5
2024-04-26T09:45:00Z,Tubidity,19.06
2024-04-26T09:45:00Z,Specific_Conductivity,54.44
2024-04-26T09:45:00Z,FDOM,2.28
2024-04-26T09:45:00Z,DO,9.91
2024-04-26T09:45:00Z,DO_Sat,NA
2024-04-26T09:45:00Z,Chl-a,0.03
2024-04-26T09:45:00Z,Temperature,3.89
2024-04-26T09:30:00Z,Depth,1.26
2024-04-26T09:30:00Z,pH,7.49
2024-04-26T09:30:00Z,Tubidity,21.12
2024-04-26T09:30:00Z,Specific_Conductivity,54.55
2024-04-26T09:30:00Z,FDOM,2.22
2024-04-26T09:30:00Z,DO,9.86
2024-04-26T09:30:00Z,DO_Sat,NA
2024-04-26T09:30:00Z,Chl-a,0.03
2024-04-26T09:30:00Z,Temperature,3.95
2024-04-26T09:15:00Z,Depth,1.26
2024-04-26T09:15:00Z,pH,7.48
2024-04-26T09:15:00Z,Tubidity,20.88
2024-04-26T09:15:00Z,Specific_Conductivity,54.51
2024-04-26T09:15:00Z,FDOM,2.26
2024-04-26T09:15:00Z,DO,9.84
2024-04-26T09:15:00Z,DO_Sat,NA
2024-04-26T09:15:00Z,Chl-a,0.03
2024-04-26T09:15:00Z,Temperature,4.01
2024-04-26T09:00:00Z,Depth,1.27
2024-04-26T09:00:00Z,pH,7.48
2024-04-26T09:00:00Z,Tubidity,21.78
2024-04-26T09:00:00Z,Specific_Conductivity,54.42
2024-04-26T09:00:00Z,FDOM,2.25
2024-04-26T09:00:00Z,DO,9.84
2024-04-26T09:00:00Z,DO_Sat,NA
2024-04-26T09:00:00Z,Chl-a,0.03
2024-04-26T09:00:00Z,Temperature,4.06
2024-04-26T08:45:00Z,Depth,1.28
2024-04-26T08:45:00Z,pH,7.49
2024-04-26T08:45:00Z,Tubidity,24.77
2024-04-26T08:45:00Z,Specific_Conductivity,54.71
2024-04-26T08:45:00Z,FDOM,2.26
2024-04-26T08:45:00Z,DO,9.82
2024-04-26T08:45:00Z,DO_Sat,NA
2024-04-26T08:45:00Z,Chl-a,0.03
2024-04-26T08:45:00Z,Temperature,4.11
2024-04-26T08:30:00Z,Depth,1.28
2024-04-26T08:30:00Z,pH,7.48
2024-04-26T08:30:00Z,Tubidity,23.37
2024-04-26T08:30:00Z,Specific_Conductivity,53.06
2024-04-26T08:30:00Z,FDOM,2.24
2024-04-26T08:30:00Z,DO,9.82
2024-04-26T08:30:00Z,DO_Sat,NA
2024-04-26T08:30:00Z,Chl-a,0.03
2024-04-26T08:30:00Z,Temperature,4.17
2024-04-26T08:15:00Z,Depth,1.29
2024-04-26T08:15:00Z,pH,7.5
2024-04-26T08:15:00Z,Tubidity,25.01
2024-04-26T08:15:00Z,Specific_Conductivity,53.08
2024-04-26T08:15:00Z,FDOM,2.24
2024-04-26T08:15:00Z,DO,9.81
2024-04-26T08:15:00Z,DO_Sat,NA
2024-04-26T08:15:00Z,Chl-a,0.03
2024-04-26T08:15:00Z,Temperature,4.23
2024-04-26T08:00:00Z,Depth,1.3
2024-04-26T08:00:00Z,pH,7.48
2024-04-26T08:00:00Z,Tubidity,23.72
2024-04-26T08:00:00Z,Specific_Conductivity,53.16
2024-04-26T08:00:00Z,FDOM,2.24
2024-04-26T08:00:00Z,DO,9.8
2024-04-26T08:00:00Z,DO_Sat,NA
2024-04-26T08:00:00Z,Chl-a,0.03
2024-04-26T08:00:00Z,Temperature,4.29
2024-04-26T07:45:00Z,Depth,1.33
2024-04-26T07:45:00Z,pH,7.49
2024-04-26T07:45:00Z,Tubidity,23.82
2024-04-26T07:45:00Z,Specific_Conductivity,53.25
2024-04-26T07:45:00Z,FDOM,2.23
2024-04-26T07:45:00Z,DO,9.79
2024-04-26T07:45:00Z,DO_Sat,NA
2024-04-26T07:45:00Z,Chl-a,0.04
2024-04-26T07:45:00Z,Temperature,4.35
2024-04-26T07:30:00Z,Depth,1.32
2024-04-26T07:30:00Z,pH,7.48
2024-04-26T07:30:00Z,Tubidity,25.88
2024-04-26T07:30:00Z,Specific_Conductivity,53.21
2024-04-26T07:30:00Z,FDOM,2.21
2024-04-26T07:30:00Z,DO,9.78
2024-04-26T07:30:00Z,DO_Sat,NA
2024-04-26T07:30:00Z,Chl-a,0.03
2024-04-26T07:30:00Z,Temperature,4.42
2024-04-26T07:15:00Z,Depth,1.3
2024-04-26T07:15:00Z,pH,7.47
2024-04-26T07:15:00Z,Tubidity,29.86
2024-04-26T07:15:00Z,Specific_Conductivity,53.2
2024-04-26T07:15:00Z,FDOM,2.2
2024-04-26T07:15:00Z,DO,9.78
2024-04-26T07:15:00Z,DO_Sat,NA
2024-04-26T07:15:00Z,Chl-a,0.33
2024-04-26T07:15:00Z,Temperature,4.48
2024-04-26T07:00:00Z,Depth,1.33
2024-04-26T07:00:00Z,pH,7.47
2024-04-26T07:00:00Z,Tubidity,27.63
2024-04-26T07:00:00Z,Specific_Conductivity,53.21
2024-04-26T07:00:00Z,FDOM,2.19
2024-04-26T07:00:00Z,DO,9.76
2024-04-26T07:00:00Z,DO_Sat,NA
2024-04-26T07:00:00Z,Chl-a,0.03
2024-04-26T07:00:00Z,Temperature,4.55
2024-04-26T06:45:00Z,Depth,1.3
2024-04-26T06:45:00Z,pH,7.48
2024-04-26T06:45:00Z,Tubidity,29.4
2024-04-26T06:45:00Z,Specific_Conductivity,53.23
2024-04-26T06:45:00Z,FDOM,2.19
2024-04-26T06:45:00Z,DO,9.73
2024-04-26T06:45:00Z,DO_Sat,NA
2024-04-26T06:45:00Z,Chl-a,0.03
2024-04-26T06:45:00Z,Temperature,4.62
2024-04-26T06:30:00Z,Depth,1.32
2024-04-26T06:30:00Z,pH,7.49
2024-04-26T06:30:00Z,Tubidity,32.1
2024-04-26T06:30:00Z,Specific_Conductivity,53.64
2024-04-26T06:30:00Z,FDOM,2.16
2024-04-26T06:30:00Z,DO,9.72
2024-04-26T06:30:00Z,DO_Sat,NA
2024-04-26T06:30:00Z,Chl-a,0.05
2024-04-26T06:30:00Z,Temperature,4.69
2024-04-26T06:15:00Z,Depth,1.32
2024-04-26T06:15:00Z,pH,7.46
2024-04-26T06:15:00Z,Tubidity,25.57
2024-04-26T06:15:00Z,Specific_Conductivity,53.73
2024-04-26T06:15:00Z,FDOM,2.14
2024-04-26T06:15:00Z,DO,9.71
2024-04-26T06:15:00Z,DO_Sat,NA
2024-04-26T06:15:00Z,Chl-a,0.23
2024-04-26T06:15:00Z,Temperature,4.77
2024-04-26T06:00:00Z,Depth,1.33
2024-04-26T06:00:00Z,pH,7.45
2024-04-26T06:00:00Z,Tubidity,30.11
2024-04-26T06:00:00Z,Specific_Conductivity,53.49
2024-04-26T06:00:00Z,FDOM,2.14
2024-04-26T06:00:00Z,DO,9.69
2024-04-26T06:00:00Z,DO_Sat,NA
2024-04-26T06:00:00Z,Chl-a,0.05
2024-04-26T06:00:00Z,Temperature,4.86
2024-04-26T05:45:00Z,Depth,1.33
2024-04-26T05:45:00Z,pH,7.47
2024-04-26T05:45:00Z,Tubidity,30.24
2024-04-26T05:45:00Z,Specific_Conductivity,53.46
2024-04-26T05:45:00Z,FDOM,2.1
2024-04-26T05:45:00Z,DO,9.64
2024-04-26T05:45:00Z,DO_Sat,NA
2024-04-26T05:45:00Z,Chl-a,0.05
2024-04-26T05:45:00Z,Temperature,4.95
2024-04-26T05:30:00Z,Depth,1.34
2024-04-26T05:30:00Z,pH,7.5
2024-04-26T05:30:00Z,Tubidity,43.08
2024-04-26T05:30:00Z,Specific_Conductivity,50.72
2024-04-26T05:30:00Z,FDOM,2.07
2024-04-26T05:30:00Z,DO,9.63
2024-04-26T05:30:00Z,DO_Sat,NA
2024-04-26T05:30:00Z,Chl-a,0.03
2024-04-26T05:30:00Z,Temperature,5.05
2024-04-26T05:15:00Z,Depth,1.34
2024-04-26T05:15:00Z,pH,7.46
2024-04-26T05:15:00Z,Tubidity,41.87
2024-04-26T05:15:00Z,Specific_Conductivity,50.8
2024-04-26T05:15:00Z,FDOM,2.06
2024-04-26T05:15:00Z,DO,9.59
2024-04-26T05:15:00Z,DO_Sat,NA
2024-04-26T05:15:00Z,Chl-a,0.03
2024-04-26T05:15:00Z,Temperature,5.17
2024-04-26T05:00:00Z,Depth,1.32
2024-04-26T05:00:00Z,pH,7.47
2024-04-26T05:00:00Z,Tubidity,37.89
2024-04-26T05:00:00Z,Specific_Conductivity,50.91
2024-04-26T05:00:00Z,FDOM,2.04
2024-04-26T05:00:00Z,DO,9.56
2024-04-26T05:00:00Z,DO_Sat,NA
2024-04-26T05:00:00Z,Chl-a,0.04
2024-04-26T05:00:00Z,Temperature,5.28
2024-04-26T04:45:00Z,Depth,1.34
2024-04-26T04:45:00Z,pH,7.48
2024-04-26T04:45:00Z,Tubidity,38.89
2024-04-26T04:45:00Z,Specific_Conductivity,50.8
2024-04-26T04:45:00Z,FDOM,2.02
2024-04-26T04:45:00Z,DO,9.5
2024-04-26T04:45:00Z,DO_Sat,NA
2024-04-26T04:45:00Z,Chl-a,0.03
2024-04-26T04:45:00Z,Temperature,5.41
2024-04-26T04:30:00Z,Depth,1.32
2024-04-26T04:30:00Z,pH,7.49
2024-04-26T04:30:00Z,Tubidity,39.38
2024-04-26T04:30:00Z,Specific_Conductivity,51.12
2024-04-26T04:30:00Z,FDOM,1.99
2024-04-26T04:30:00Z,DO,9.49
2024-04-26T04:30:00Z,DO_Sat,NA
2024-04-26T04:30:00Z,Chl-a,0.03
2024-04-26T04:30:00Z,Temperature,5.54
2024-04-26T04:15:00Z,Depth,1.33
2024-04-26T04:15:00Z,pH,7.51
2024-04-26T04:15:00Z,Tubidity,42.87
2024-04-26T04:15:00Z,Specific_Conductivity,51.15
2024-04-26T04:15:00Z,FDOM,1.93
2024-04-26T04:15:00Z,DO,9.45
2024-04-26T04:15:00Z,DO_Sat,NA
2024-04-26T04:15:00Z,Chl-a,0.04
2024-04-26T04:15:00Z,Temperature,5.68
2024-04-26T04:00:00Z,Depth,1.34
2024-04-26T04:00:00Z,pH,7.46
2024-04-26T04:00:00Z,Tubidity,44.78
2024-04-26T04:00:00Z,Specific_Conductivity,51.26
2024-04-26T04:00:00Z,FDOM,1.9
2024-04-26T04:00:00Z,DO,9.4
2024-04-26T04:00:00Z,DO_Sat,NA
2024-04-26T04:00:00Z,Chl-a,0.04
2024-04-26T04:00:00Z,Temperature,5.83
2024-04-26T03:45:00Z,Depth,1.35
2024-04-26T03:45:00Z,pH,7.46
2024-04-26T03:45:00Z,Tubidity,41.81
2024-04-26T03:45:00Z,Specific_Conductivity,51.35
2024-04-26T03:45:00Z,FDOM,1.86
2024-04-26T03:45:00Z,DO,9.35
2024-04-26T03:45:00Z,DO_Sat,NA
2024-04-26T03:45:00Z,Chl-a,0.03
2024-04-26T03:45:00Z,Temperature,5.98
2024-04-26T03:30:00Z,Depth,1.35
2024-04-26T03:30:00Z,pH,7.48
2024-04-26T03:30:00Z,Tubidity,47.75
2024-04-26T03:30:00Z,Specific_Conductivity,51.43
2024-04-26T03:30:00Z,FDOM,1.81
2024-04-26T03:30:00Z,DO,9.31
2024-04-26T03:30:00Z,DO_Sat,NA
2024-04-26T03:30:00Z,Chl-a,0.03
2024-04-26T03:30:00Z,Temperature,6.13
2024-04-26T03:15:00Z,Depth,1.33
2024-04-26T03:15:00Z,pH,7.49
2024-04-26T03:15:00Z,Tubidity,51.35
2024-04-26T03:15:00Z,Specific_Conductivity,51.48
2024-04-26T03:15:00Z,FDOM,1.8
2024-04-26T03:15:00Z,DO,9.29
2024-04-26T03:15:00Z,DO_Sat,NA
2024-04-26T03:15:00Z,Chl-a,0.04
2024-04-26T03:15:00Z,Temperature,6.27
2024-04-26T03:00:00Z,Depth,1.34
2024-04-26T03:00:00Z,pH,7.5
2024-04-26T03:00:00Z,Tubidity,54.16
2024-04-26T03:00:00Z,Specific_Conductivity,51.54
2024-04-26T03:00:00Z,FDOM,1.74
2024-04-26T03:00:00Z,DO,9.23
2024-04-26T03:00:00Z,DO_Sat,NA
2024-04-26T03:00:00Z,Chl-a,0.05
2024-04-26T03:00:00Z,Temperature,6.42
2024-04-26T02:45:00Z,Depth,1.35
2024-04-26T02:45:00Z,pH,7.48
2024-04-26T02:45:00Z,Tubidity,59.95
2024-04-26T02:45:00Z,Specific_Conductivity,51.51
2024-04-26T02:45:00Z,FDOM,1.68
2024-04-26T02:45:00Z,DO,9.2
2024-04-26T02:45:00Z,DO_Sat,NA
2024-04-26T02:45:00Z,Chl-a,0.04
2024-04-26T02:45:00Z,Temperature,6.56
2024-04-26T02:30:00Z,Depth,1.33
2024-04-26T02:30:00Z,pH,7.53
2024-04-26T02:30:00Z,Tubidity,47.71
2024-04-26T02:30:00Z,Specific_Conductivity,51.54
2024-04-26T02:30:00Z,FDOM,1.67
2024-04-26T02:30:00Z,DO,9.17
2024-04-26T02:30:00Z,DO_Sat,NA
2024-04-26T02:30:00Z,Chl-a,0.06
2024-04-26T02:30:00Z,Temperature,6.71
2024-04-26T02:15:00Z,Depth,1.35
2024-04-26T02:15:00Z,pH,7.49
2024-04-26T02:15:00Z,Tubidity,54.44
2024-04-26T02:15:00Z,Specific_Conductivity,51.61
2024-04-26T02:15:00Z,FDOM,1.65
2024-04-26T02:15:00Z,DO,9.13
2024-04-26T02:15:00Z,DO_Sat,NA
2024-04-26T02:15:00Z,Chl-a,0.1
2024-04-26T02:15:00Z,Temperature,6.87
2024-04-26T02:00:00Z,Depth,1.36
2024-04-26T02:00:00Z,pH,7.52
2024-04-26T02:00:00Z,Tubidity,60.78
2024-04-26T02:00:00Z,Specific_Conductivity,51.7
2024-04-26T02:00:00Z,FDOM,1.59
2024-04-26T02:00:00Z,DO,9.09
2024-04-26T02:00:00Z,DO_Sat,NA
2024-04-26T02:00:00Z,Chl-a,0.04
2024-04-26T02:00:00Z,Temperature,7.02
2024-04-26T01:45:00Z,Depth,1.34
2024-04-26T01:45:00Z,pH,7.55
2024-04-26T01:45:00Z,Tubidity,71.05
2024-04-26T01:45:00Z,Specific_Conductivity,52.04
2024-04-26T01:45:00Z,FDOM,1.56
2024-04-26T01:45:00Z,DO,9.04
2024-04-26T01:45:00Z,DO_Sat,NA
2024-04-26T01:45:00Z,Chl-a,0.04
2024-04-26T01:45:00Z,Temperature,7.18
2024-04-26T01:30:00Z,Depth,1.33
2024-04-26T01:30:00Z,pH,7.48
2024-04-26T01:30:00Z,Tubidity,64.42
2024-04-26T01:30:00Z,Specific_Conductivity,52.18
2024-04-26T01:30:00Z,FDOM,1.5
2024-04-26T01:30:00Z,DO,9.01
2024-04-26T01:30:00Z,DO_Sat,NA
2024-04-26T01:30:00Z,Chl-a,0.03
2024-04-26T01:30:00Z,Temperature,7.36
2024-04-26T01:15:00Z,Depth,1.33
2024-04-26T01:15:00Z,pH,7.51
2024-04-26T01:15:00Z,Tubidity,66.51
2024-04-26T01:15:00Z,Specific_Conductivity,52
2024-04-26T01:15:00Z,FDOM,1.47
2024-04-26T01:15:00Z,DO,8.97
2024-04-26T01:15:00Z,DO_Sat,NA
2024-04-26T01:15:00Z,Chl-a,0.04
2024-04-26T01:15:00Z,Temperature,7.56
2024-04-26T01:00:00Z,Depth,1.34
2024-04-26T01:00:00Z,pH,7.51
2024-04-26T01:00:00Z,Tubidity,67.65
2024-04-26T01:00:00Z,Specific_Conductivity,52.14
2024-04-26T01:00:00Z,FDOM,1.44
2024-04-26T01:00:00Z,DO,8.91
2024-04-26T01:00:00Z,DO_Sat,NA
2024-04-26T01:00:00Z,Chl-a,0.03
2024-04-26T01:00:00Z,Temperature,7.77
2024-04-26T00:45:00Z,Depth,1.32
2024-04-26T00:45:00Z,pH,7.54
2024-04-26T00:45:00Z,Tubidity,67.73
2024-04-26T00:45:00Z,Specific_Conductivity,49.29
2024-04-26T00:45:00Z,FDOM,1.43
2024-04-26T00:45:00Z,DO,8.85
2024-04-26T00:45:00Z,DO_Sat,NA
2024-04-26T00:45:00Z,Chl-a,0.03
2024-04-26T00:45:00Z,Temperature,7.97
2024-04-26T00:30:00Z,Depth,1.29
2024-04-26T00:30:00Z,pH,7.51
2024-04-26T00:30:00Z,Tubidity,66.73
2024-04-26T00:30:00Z,Specific_Conductivity,49.59
2024-04-26T00:30:00Z,FDOM,1.42
2024-04-26T00:30:00Z,DO,8.82
2024-04-26T00:30:00Z,DO_Sat,NA
2024-04-26T00:30:00Z,Chl-a,0.04
2024-04-26T00:30:00Z,Temperature,8.18
2024-04-26T00:15:00Z,Depth,1.29
2024-04-26T00:15:00Z,pH,7.55
2024-04-26T00:15:00Z,Tubidity,62.39
2024-04-26T00:15:00Z,Specific_Conductivity,48.8
2024-04-26T00:15:00Z,FDOM,1.44
2024-04-26T00:15:00Z,DO,8.78
2024-04-26T00:15:00Z,DO_Sat,NA
2024-04-26T00:15:00Z,Chl-a,0.03
2024-04-26T00:15:00Z,Temperature,8.4
2024-04-26T00:00:00Z,Depth,1.27
2024-04-26T00:00:00Z,pH,7.55
2024-04-26T00:00:00Z,Tubidity,46.1
2024-04-26T00:00:00Z,Specific_Conductivity,48.72
2024-04-26T00:00:00Z,FDOM,1.5
2024-04-26T00:00:00Z,DO,8.74
2024-04-26T00:00:00Z,DO_Sat,NA
2024-04-26T00:00:00Z,Chl-a,0.03
2024-04-26T00:00:00Z,Temperature,8.62
2024-04-25T23:45:00Z,Depth,1.26
2024-04-25T23:45:00Z,pH,7.62
2024-04-25T23:45:00Z,Tubidity,33.26
2024-04-25T23:45:00Z,Specific_Conductivity,48.88
2024-04-25T23:45:00Z,FDOM,1.54
2024-04-25T23:45:00Z,DO,8.71
2024-04-25T23:45:00Z,DO_Sat,NA
2024-04-25T23:45:00Z,Chl-a,0.03
2024-04-25T23:45:00Z,Temperature,8.79
2024-04-25T23:30:00Z,Depth,1.24
2024-04-25T23:30:00Z,pH,7.62
2024-04-25T23:30:00Z,Tubidity,34.42
2024-04-25T23:30:00Z,Specific_Conductivity,49.16
2024-04-25T23:30:00Z,FDOM,1.58
2024-04-25T23:30:00Z,DO,8.68
2024-04-25T23:30:00Z,DO_Sat,NA
2024-04-25T23:30:00Z,Chl-a,0.03
2024-04-25T23:30:00Z,Temperature,8.95
2024-04-25T23:15:00Z,Depth,1.23
2024-04-25T23:15:00Z,pH,7.6
2024-04-25T23:15:00Z,Tubidity,23.32
2024-04-25T23:15:00Z,Specific_Conductivity,48.8
2024-04-25T23:15:00Z,FDOM,1.59
2024-04-25T23:15:00Z,DO,8.66
2024-04-25T23:15:00Z,DO_Sat,NA
2024-04-25T23:15:00Z,Chl-a,0.04
2024-04-25T23:15:00Z,Temperature,9.1
2024-04-25T23:00:00Z,Depth,1.21
2024-04-25T23:00:00Z,pH,7.66
2024-04-25T23:00:00Z,Tubidity,21.13
2024-04-25T23:00:00Z,Specific_Conductivity,49.18
2024-04-25T23:00:00Z,FDOM,1.61
2024-04-25T23:00:00Z,DO,8.67
2024-04-25T23:00:00Z,DO_Sat,NA
2024-04-25T23:00:00Z,Chl-a,0.03
2024-04-25T23:00:00Z,Temperature,9.2
2024-04-25T22:45:00Z,Depth,1.2
2024-04-25T22:45:00Z,pH,7.65
2024-04-25T22:45:00Z,Tubidity,14.53
2024-04-25T22:45:00Z,Specific_Conductivity,49.26
2024-04-25T22:45:00Z,FDOM,1.6
2024-04-25T22:45:00Z,DO,8.67
2024-04-25T22:45:00Z,DO_Sat,NA
2024-04-25T22:45:00Z,Chl-a,0.03
2024-04-25T22:45:00Z,Temperature,9.22
2024-04-25T22:30:00Z,Depth,1.18
2024-04-25T22:30:00Z,pH,7.67
2024-04-25T22:30:00Z,Tubidity,13.86
2024-04-25T22:30:00Z,Specific_Conductivity,50.31
2024-04-25T22:30:00Z,FDOM,1.62
2024-04-25T22:30:00Z,DO,8.68
2024-04-25T22:30:00Z,DO_Sat,NA
2024-04-25T22:30:00Z,Chl-a,0.03
2024-04-25T22:30:00Z,Temperature,9.2
2024-04-25T22:15:00Z,Depth,1.17
2024-04-25T22:15:00Z,pH,7.64
2024-04-25T22:15:00Z,Tubidity,13.87
2024-04-25T22:15:00Z,Specific_Conductivity,50.28
2024-04-25T22:15:00Z,FDOM,1.63
2024-04-25T22:15:00Z,DO,8.7
2024-04-25T22:15:00Z,DO_Sat,NA
2024-04-25T22:15:00Z,Chl-a,0.03
2024-04-25T22:15:00Z,Temperature,9.24
2024-04-25T22:00:00Z,Depth,1.18
2024-04-25T22:00:00Z,pH,7.67
2024-04-25T22:00:00Z,Tubidity,15.16
2024-04-25T22:00:00Z,Specific_Conductivity,50.27
2024-04-25T22:00:00Z,FDOM,1.62
2024-04-25T22:00:00Z,DO,8.69
2024-04-25T22:00:00Z,DO_Sat,NA
2024-04-25T22:00:00Z,Chl-a,0.03
2024-04-25T22:00:00Z,Temperature,9.31
2024-04-25T21:45:00Z,Depth,1.19
2024-04-25T21:45:00Z,pH,7.66
2024-04-25T21:45:00Z,Tubidity,12.66
2024-04-25T21:45:00Z,Specific_Conductivity,49.76
2024-04-25T21:45:00Z,FDOM,1.62
2024-04-25T21:45:00Z,DO,8.71
2024-04-25T21:45:00Z,DO_Sat,NA
2024-04-25T21:45:00Z,Chl-a,0.03
2024-04-25T21:45:00Z,Temperature,9.33
2024-04-25T21:30:00Z,Depth,1.19
2024-04-25T21:30:00Z,pH,7.67
2024-04-25T21:30:00Z,Tubidity,17.05
2024-04-25T21:30:00Z,Specific_Conductivity,47.99
2024-04-25T21:30:00Z,FDOM,1.61
2024-04-25T21:30:00Z,DO,8.74
2024-04-25T21:30:00Z,DO_Sat,NA
2024-04-25T21:30:00Z,Chl-a,0.03
2024-04-25T21:30:00Z,Temperature,9.27
2024-04-25T21:15:00Z,Depth,1.2
2024-04-25T21:15:00Z,pH,7.66
2024-04-25T21:15:00Z,Tubidity,23.14
2024-04-25T21:15:00Z,Specific_Conductivity,48.25
2024-04-25T21:15:00Z,FDOM,1.55
2024-04-25T21:15:00Z,DO,8.76
2024-04-25T21:15:00Z,DO_Sat,NA
2024-04-25T21:15:00Z,Chl-a,0.03
2024-04-25T21:15:00Z,Temperature,9.16
2024-04-25T21:00:00Z,Depth,1.2
2024-04-25T21:00:00Z,pH,7.64
2024-04-25T21:00:00Z,Tubidity,16.32
2024-04-25T21:00:00Z,Specific_Conductivity,49.6
2024-04-25T21:00:00Z,FDOM,1.6
2024-04-25T21:00:00Z,DO,8.78
2024-04-25T21:00:00Z,DO_Sat,NA
2024-04-25T21:00:00Z,Chl-a,0.03
2024-04-25T21:00:00Z,Temperature,8.99
2024-04-25T20:45:00Z,Depth,1.19
2024-04-25T20:45:00Z,pH,7.63
2024-04-25T20:45:00Z,Tubidity,9.96
2024-04-25T20:45:00Z,Specific_Conductivity,47.75
2024-04-25T20:45:00Z,FDOM,1.67
2024-04-25T20:45:00Z,DO,8.78
2024-04-25T20:45:00Z,DO_Sat,NA
2024-04-25T20:45:00Z,Chl-a,0.03
2024-04-25T20:45:00Z,Temperature,8.87
2024-04-25T20:00:00Z,Depth,1.19
2024-04-25T20:00:00Z,pH,7.62
2024-04-25T20:00:00Z,Tubidity,11.07
2024-04-25T20:00:00Z,Specific_Conductivity,48.39
2024-04-25T20:00:00Z,FDOM,1.65
2024-04-25T20:00:00Z,DO,8.89
2024-04-25T20:00:00Z,DO_Sat,NA
2024-04-25T20:00:00Z,Chl-a,0.03
2024-04-25T20:00:00Z,Temperature,8.85
2024-04-25T19:45:00Z,Depth,1.17
2024-04-25T19:45:00Z,pH,7.61
2024-04-25T19:45:00Z,Tubidity,10.11
2024-04-25T19:45:00Z,Specific_Conductivity,48.29
2024-04-25T19:45:00Z,FDOM,1.67
2024-04-25T19:45:00Z,DO,8.98
2024-04-25T19:45:00Z,DO_Sat,NA
2024-04-25T19:45:00Z,Chl-a,0.03
2024-04-25T19:45:00Z,Temperature,8.47
2024-04-25T19:30:00Z,Depth,1.19
2024-04-25T19:30:00Z,pH,7.56
2024-04-25T19:30:00Z,Tubidity,10.78
2024-04-25T19:30:00Z,Specific_Conductivity,50.77
2024-04-25T19:30:00Z,FDOM,1.69
2024-04-25T19:30:00Z,DO,9.02
2024-04-25T19:30:00Z,DO_Sat,NA
2024-04-25T19:30:00Z,Chl-a,0.02
2024-04-25T19:30:00Z,Temperature,8.23
2024-04-25T19:15:00Z,Depth,1.2
2024-04-25T19:15:00Z,pH,7.54
2024-04-25T19:15:00Z,Tubidity,11.22
2024-04-25T19:15:00Z,Specific_Conductivity,49.13
2024-04-25T19:15:00Z,FDOM,1.7
2024-04-25T19:15:00Z,DO,9.09
2024-04-25T19:15:00Z,DO_Sat,NA
2024-04-25T19:15:00Z,Chl-a,0.03
2024-04-25T19:15:00Z,Temperature,7.93
2024-04-25T18:45:00Z,Depth,1.22
2024-04-25T18:45:00Z,pH,7.57
2024-04-25T18:45:00Z,Tubidity,12.33
2024-04-25T18:45:00Z,Specific_Conductivity,49.01
2024-04-25T18:45:00Z,FDOM,1.75
2024-04-25T18:45:00Z,DO,9.21
2024-04-25T18:45:00Z,DO_Sat,NA
2024-04-25T18:45:00Z,Chl-a,0.02
2024-04-25T18:45:00Z,Temperature,7.32
2024-04-25T18:30:00Z,Depth,1.25
2024-04-25T18:30:00Z,pH,7.57
2024-04-25T18:30:00Z,Tubidity,13.14
2024-04-25T18:30:00Z,Specific_Conductivity,50.94
2024-04-25T18:30:00Z,FDOM,1.75
2024-04-25T18:30:00Z,DO,9.29
2024-04-25T18:30:00Z,DO_Sat,NA
2024-04-25T18:30:00Z,Chl-a,0.03
2024-04-25T18:30:00Z,Temperature,7.26
2024-04-25T18:15:00Z,Depth,1.24
2024-04-25T18:15:00Z,pH,7.51
2024-04-25T18:15:00Z,Tubidity,14.28
2024-04-25T18:15:00Z,Specific_Conductivity,51.23
2024-04-25T18:15:00Z,FDOM,1.77
2024-04-25T18:15:00Z,DO,9.42
2024-04-25T18:15:00Z,DO_Sat,NA
2024-04-25T18:15:00Z,Chl-a,0.02
2024-04-25T18:15:00Z,Temperature,6.83
2024-04-25T18:00:00Z,Depth,1.24
2024-04-25T18:00:00Z,pH,7.42
2024-04-25T18:00:00Z,Tubidity,26.58
2024-04-25T18:00:00Z,Specific_Conductivity,51.23
2024-04-25T18:00:00Z,FDOM,1.71
2024-04-25T18:00:00Z,DO,9.49
2024-04-25T18:00:00Z,DO_Sat,NA
2024-04-25T18:00:00Z,Chl-a,0.02
2024-04-25T18:00:00Z,Temperature,6.28
2024-04-25T17:45:00Z,Depth,1.25
2024-04-25T17:45:00Z,pH,7.36
2024-04-25T17:45:00Z,Tubidity,29.64
2024-04-25T17:45:00Z,Specific_Conductivity,51.44
2024-04-25T17:45:00Z,FDOM,1.7
2024-04-25T17:45:00Z,DO,9.59
2024-04-25T17:45:00Z,DO_Sat,NA
2024-04-25T17:45:00Z,Chl-a,0.02
2024-04-25T17:45:00Z,Temperature,6.07
2024-04-25T17:30:00Z,Depth,1.26
2024-04-25T17:30:00Z,pH,7.35
2024-04-25T17:30:00Z,Tubidity,16.52
2024-04-25T17:30:00Z,Specific_Conductivity,51.24
2024-04-25T17:30:00Z,FDOM,1.87
2024-04-25T17:30:00Z,DO,9.68
2024-04-25T17:30:00Z,DO_Sat,NA
2024-04-25T17:30:00Z,Chl-a,0.02
2024-04-25T17:30:00Z,Temperature,5.67
2024-04-25T17:15:00Z,Depth,1.26
2024-04-25T17:15:00Z,pH,7.38
2024-04-25T17:15:00Z,Tubidity,16.94
2024-04-25T17:15:00Z,Specific_Conductivity,51.88
2024-04-25T17:15:00Z,FDOM,1.91
2024-04-25T17:15:00Z,DO,9.78
2024-04-25T17:15:00Z,DO_Sat,NA
2024-04-25T17:15:00Z,Chl-a,0.02
2024-04-25T17:15:00Z,Temperature,5.29
2024-04-25T17:00:00Z,Depth,1.29
2024-04-25T17:00:00Z,pH,7.58
2024-04-25T17:00:00Z,Tubidity,9.23
2024-04-25T17:00:00Z,Specific_Conductivity,48.75
2024-04-25T17:00:00Z,FDOM,1.93
2024-04-25T17:00:00Z,DO,9.86
2024-04-25T17:00:00Z,DO_Sat,NA
2024-04-25T17:00:00Z,Chl-a,0.02
2024-04-25T17:00:00Z,Temperature,5.01
2024-04-25T16:45:00Z,Depth,1.29
2024-04-25T16:45:00Z,pH,7.5
2024-04-25T16:45:00Z,Tubidity,10.01
2024-04-25T16:45:00Z,Specific_Conductivity,51.76
2024-04-25T16:45:00Z,FDOM,1.95
2024-04-25T16:45:00Z,DO,9.9
2024-04-25T16:45:00Z,DO_Sat,NA
2024-04-25T16:45:00Z,Chl-a,0.03
2024-04-25T16:45:00Z,Temperature,4.84
2024-04-26T12:45:00Z,Depth,1.21
2024-04-26T12:45:00Z,pH,7.52
2024-04-26T12:45:00Z,Tubidity,15.99
2024-04-26T12:45:00Z,Specific_Conductivity,54.98
2024-04-26T12:45:00Z,FDOM,2.31
2024-04-26T12:45:00Z,DO,10.05
2024-04-26T12:45:00Z,DO_Sat,NA
2024-04-26T12:45:00Z,Chl-a,0.02
2024-04-26T12:45:00Z,Temperature,3.18
2024-04-26T16:30:00Z,Depth,1.19
2024-04-26T16:30:00Z,pH,7.59
2024-04-26T16:30:00Z,Tubidity,13.6
2024-04-26T16:30:00Z,Specific_Conductivity,55.04
2024-04-26T16:30:00Z,FDOM,2.17
2024-04-26T16:30:00Z,DO,9.89
2024-04-26T16:30:00Z,DO_Sat,NA
2024-04-26T16:30:00Z,Chl-a,0.03
2024-04-26T16:30:00Z,Temperature,4.31
2024-04-26T16:15:00Z,Depth,1.18
2024-04-26T16:15:00Z,pH,7.52
2024-04-26T16:15:00Z,Tubidity,14.61
2024-04-26T16:15:00Z,Specific_Conductivity,55.32
2024-04-26T16:15:00Z,FDOM,2.19
2024-04-26T16:15:00Z,DO,9.94
2024-04-26T16:15:00Z,DO_Sat,NA
2024-04-26T16:15:00Z,Chl-a,0.02
2024-04-26T16:15:00Z,Temperature,4.1
2024-04-26T16:00:00Z,Depth,1.18
2024-04-26T16:00:00Z,pH,7.61
2024-04-26T16:00:00Z,Tubidity,14.73
2024-04-26T16:00:00Z,Specific_Conductivity,55.25
2024-04-26T16:00:00Z,FDOM,2.22
2024-04-26T16:00:00Z,DO,9.97
2024-04-26T16:00:00Z,DO_Sat,NA
2024-04-26T16:00:00Z,Chl-a,0.03
2024-04-26T16:00:00Z,Temperature,3.89
2024-04-26T15:45:00Z,Depth,1.18
2024-04-26T15:45:00Z,pH,7.57
2024-04-26T15:45:00Z,Tubidity,14.01
2024-04-26T15:45:00Z,Specific_Conductivity,55.38
2024-04-26T15:45:00Z,FDOM,2.25
2024-04-26T15:45:00Z,DO,10.03
2024-04-26T15:45:00Z,DO_Sat,NA
2024-04-26T15:45:00Z,Chl-a,0.02
2024-04-26T15:45:00Z,Temperature,3.67
2024-04-26T15:30:00Z,Depth,1.17
2024-04-26T15:30:00Z,pH,7.58
2024-04-26T15:30:00Z,Tubidity,13.89
2024-04-26T15:30:00Z,Specific_Conductivity,55.29
2024-04-26T15:30:00Z,FDOM,2.28
2024-04-26T15:30:00Z,DO,10.06
2024-04-26T15:30:00Z,DO_Sat,NA
2024-04-26T15:30:00Z,Chl-a,0.02
2024-04-26T15:30:00Z,Temperature,3.48
2024-04-26T15:15:00Z,Depth,1.2
2024-04-26T15:15:00Z,pH,7.57
2024-04-26T15:15:00Z,Tubidity,14.6
2024-04-26T15:15:00Z,Specific_Conductivity,55.35
2024-04-26T15:15:00Z,FDOM,2.3
2024-04-26T15:15:00Z,DO,10.1
2024-04-26T15:15:00Z,DO_Sat,NA
2024-04-26T15:15:00Z,Chl-a,0.02
2024-04-26T15:15:00Z,Temperature,3.3
2024-04-26T14:45:00Z,Depth,1.18
2024-04-26T14:45:00Z,pH,7.53
2024-04-26T14:45:00Z,Tubidity,16.57
2024-04-26T14:45:00Z,Specific_Conductivity,55.39
2024-04-26T14:45:00Z,FDOM,2.32
2024-04-26T14:45:00Z,DO,10.12
2024-04-26T14:45:00Z,DO_Sat,NA
2024-04-26T14:45:00Z,Chl-a,0.03
2024-04-26T14:45:00Z,Temperature,3.13
2024-04-26T14:30:00Z,Depth,1.2
2024-04-26T14:30:00Z,pH,7.56
2024-04-26T14:30:00Z,Tubidity,17.55
2024-04-26T14:30:00Z,Specific_Conductivity,55.23
2024-04-26T14:30:00Z,FDOM,2.32
2024-04-26T14:30:00Z,DO,10.13
2024-04-26T14:30:00Z,DO_Sat,NA
2024-04-26T14:30:00Z,Chl-a,0.03
2024-04-26T14:30:00Z,Temperature,3.11
2024-04-26T14:15:00Z,Depth,1.19
2024-04-26T14:15:00Z,pH,7.51
2024-04-26T14:15:00Z,Tubidity,17.51
2024-04-26T14:15:00Z,Specific_Conductivity,55.28
2024-04-26T14:15:00Z,FDOM,2.33
2024-04-26T14:15:00Z,DO,10.13
2024-04-26T14:15:00Z,DO_Sat,NA
2024-04-26T14:15:00Z,Chl-a,0.03
2024-04-26T14:15:00Z,Temperature,3.1
2024-04-26T14:00:00Z,Depth,1.2
2024-04-26T14:00:00Z,pH,7.5
2024-04-26T14:00:00Z,Tubidity,14.96
2024-04-26T14:00:00Z,Specific_Conductivity,55.27
2024-04-26T14:00:00Z,FDOM,2.33
2024-04-26T14:00:00Z,DO,10.13
2024-04-26T14:00:00Z,DO_Sat,NA
2024-04-26T14:00:00Z,Chl-a,0.03
2024-04-26T14:00:00Z,Temperature,3.09
2024-04-26T13:45:00Z,Depth,1.22
2024-04-26T13:45:00Z,pH,7.52
2024-04-26T13:45:00Z,Tubidity,14.68
2024-04-26T13:45:00Z,Specific_Conductivity,55.15
2024-04-26T13:45:00Z,FDOM,2.34
2024-04-26T13:45:00Z,DO,10.12
2024-04-26T13:45:00Z,DO_Sat,NA
2024-04-26T13:45:00Z,Chl-a,0.03
2024-04-26T13:45:00Z,Temperature,3.09
2024-04-26T13:30:00Z,Depth,1.19
2024-04-26T13:30:00Z,pH,7.52
2024-04-26T13:30:00Z,Tubidity,16.46
2024-04-26T13:30:00Z,Specific_Conductivity,55.29
2024-04-26T13:30:00Z,FDOM,2.32
2024-04-26T13:30:00Z,DO,10.13
2024-04-26T13:30:00Z,DO_Sat,NA
2024-04-26T13:30:00Z,Chl-a,0.03
2024-04-26T13:30:00Z,Temperature,3.1
2024-04-26T13:15:00Z,Depth,1.21
2024-04-26T13:15:00Z,pH,7.52
2024-04-26T13:15:00Z,Tubidity,16.09
2024-04-26T13:15:00Z,Specific_Conductivity,55.04
2024-04-26T13:15:00Z,FDOM,2.31
2024-04-26T13:15:00Z,DO,10.11
2024-04-26T13:15:00Z,DO_Sat,NA
2024-04-26T13:15:00Z,Chl-a,0.03
2024-04-26T13:15:00Z,Temperature,3.12
2024-04-26T13:00:00Z,Depth,1.2
2024-04-26T13:00:00Z,pH,7.51
2024-04-26T13:00:00Z,Tubidity,19.51
2024-04-26T13:00:00Z,Specific_Conductivity,55.02
2024-04-26T13:00:00Z,FDOM,2.32
2024-04-26T13:00:00Z,DO,10.08
2024-04-26T13:00:00Z,DO_Sat,NA
2024-04-26T13:00:00Z,Chl-a,0.02
2024-04-26T13:00:00Z,Temperature,3.14
2024-04-27T04:00:00Z,Depth,1.43
2024-04-27T04:00:00Z,pH,7.46
2024-04-27T04:00:00Z,Tubidity,32.56
2024-04-27T04:00:00Z,Specific_Conductivity,51.72
2024-04-27T04:00:00Z,FDOM,2.02
2024-04-27T04:00:00Z,DO,9.45
2024-04-27T04:00:00Z,DO_Sat,NA
2024-04-27T04:00:00Z,Chl-a,0.04
2024-04-27T04:00:00Z,Temperature,5.71
2024-04-27T03:45:00Z,Depth,1.42
2024-04-27T03:45:00Z,pH,7.44
2024-04-27T03:45:00Z,Tubidity,31.24
2024-04-27T03:45:00Z,Specific_Conductivity,52.02
2024-04-27T03:45:00Z,FDOM,1.98
2024-04-27T03:45:00Z,DO,9.38
2024-04-27T03:45:00Z,DO_Sat,NA
2024-04-27T03:45:00Z,Chl-a,0.03
2024-04-27T03:45:00Z,Temperature,5.93
2024-04-27T03:30:00Z,Depth,1.44
2024-04-27T03:30:00Z,pH,7.46
2024-04-27T03:30:00Z,Tubidity,26.9
2024-04-27T03:30:00Z,Specific_Conductivity,52.28
2024-04-27T03:30:00Z,FDOM,1.98
2024-04-27T03:30:00Z,DO,9.33
2024-04-27T03:30:00Z,DO_Sat,NA
2024-04-27T03:30:00Z,Chl-a,0.04
2024-04-27T03:30:00Z,Temperature,6.11
2024-04-27T03:15:00Z,Depth,1.38
2024-04-27T03:15:00Z,pH,7.46
2024-04-27T03:15:00Z,Tubidity,25.36
2024-04-27T03:15:00Z,Specific_Conductivity,52.4
2024-04-27T03:15:00Z,FDOM,1.96
2024-04-27T03:15:00Z,DO,9.28
2024-04-27T03:15:00Z,DO_Sat,NA
2024-04-27T03:15:00Z,Chl-a,0.04
2024-04-27T03:15:00Z,Temperature,6.26
2024-04-27T03:00:00Z,Depth,1.38
2024-04-27T03:00:00Z,pH,7.48
2024-04-27T03:00:00Z,Tubidity,26.26
2024-04-27T03:00:00Z,Specific_Conductivity,52.61
2024-04-27T03:00:00Z,FDOM,1.94
2024-04-27T03:00:00Z,DO,9.24
2024-04-27T03:00:00Z,DO_Sat,NA
2024-04-27T03:00:00Z,Chl-a,0.03
2024-04-27T03:00:00Z,Temperature,6.4
2024-04-27T02:45:00Z,Depth,1.38
2024-04-27T02:45:00Z,pH,7.45
2024-04-27T02:45:00Z,Tubidity,37.37
2024-04-27T02:45:00Z,Specific_Conductivity,52.81
2024-04-27T02:45:00Z,FDOM,1.94
2024-04-27T02:45:00Z,DO,9.22
2024-04-27T02:45:00Z,DO_Sat,NA
2024-04-27T02:45:00Z,Chl-a,0.04
2024-04-27T02:45:00Z,Temperature,6.55
2024-04-27T02:30:00Z,Depth,1.38
2024-04-27T02:30:00Z,pH,7.51
2024-04-27T02:30:00Z,Tubidity,24.26
2024-04-27T02:30:00Z,Specific_Conductivity,52.82
2024-04-27T02:30:00Z,FDOM,1.93
2024-04-27T02:30:00Z,DO,9.18
2024-04-27T02:30:00Z,DO_Sat,NA
2024-04-27T02:30:00Z,Chl-a,0.04
2024-04-27T02:30:00Z,Temperature,6.7
2024-04-27T02:15:00Z,Depth,1.35
2024-04-27T02:15:00Z,pH,7.5
2024-04-27T02:15:00Z,Tubidity,20.75
2024-04-27T02:15:00Z,Specific_Conductivity,53.15
2024-04-27T02:15:00Z,FDOM,1.93
2024-04-27T02:15:00Z,DO,9.14
2024-04-27T02:15:00Z,DO_Sat,NA
2024-04-27T02:15:00Z,Chl-a,0.04
2024-04-27T02:15:00Z,Temperature,6.86
2024-04-27T02:00:00Z,Depth,1.32
2024-04-27T02:00:00Z,pH,7.54
2024-04-27T02:00:00Z,Tubidity,22.16
2024-04-27T02:00:00Z,Specific_Conductivity,53.16
2024-04-27T02:00:00Z,FDOM,1.9
2024-04-27T02:00:00Z,DO,9.09
2024-04-27T02:00:00Z,DO_Sat,NA
2024-04-27T02:00:00Z,Chl-a,0.03
2024-04-27T02:00:00Z,Temperature,7.05
2024-04-27T01:45:00Z,Depth,1.33
2024-04-27T01:45:00Z,pH,7.52
2024-04-27T01:45:00Z,Tubidity,24.35
2024-04-27T01:45:00Z,Specific_Conductivity,53.29
2024-04-27T01:45:00Z,FDOM,1.88
2024-04-27T01:45:00Z,DO,9.05
2024-04-27T01:45:00Z,DO_Sat,NA
2024-04-27T01:45:00Z,Chl-a,0.03
2024-04-27T01:45:00Z,Temperature,7.26
2024-04-27T01:30:00Z,Depth,1.33
2024-04-27T01:30:00Z,pH,7.49
2024-04-27T01:30:00Z,Tubidity,22.39
2024-04-27T01:30:00Z,Specific_Conductivity,53.59
2024-04-27T01:30:00Z,FDOM,1.87
2024-04-27T01:30:00Z,DO,8.99
2024-04-27T01:30:00Z,DO_Sat,NA
2024-04-27T01:30:00Z,Chl-a,0.03
2024-04-27T01:30:00Z,Temperature,7.49
2024-04-27T01:15:00Z,Depth,1.27
2024-04-27T01:15:00Z,pH,7.51
2024-04-27T01:15:00Z,Tubidity,24.93
2024-04-27T01:15:00Z,Specific_Conductivity,53.88
2024-04-27T01:15:00Z,FDOM,1.86
2024-04-27T01:15:00Z,DO,8.94
2024-04-27T01:15:00Z,DO_Sat,NA
2024-04-27T01:15:00Z,Chl-a,0.03
2024-04-27T01:15:00Z,Temperature,7.71
2024-04-27T01:00:00Z,Depth,1.27
2024-04-27T01:00:00Z,pH,7.56
2024-04-27T01:00:00Z,Tubidity,20.96
2024-04-27T01:00:00Z,Specific_Conductivity,53.87
2024-04-27T01:00:00Z,FDOM,1.84
2024-04-27T01:00:00Z,DO,8.88
2024-04-27T01:00:00Z,DO_Sat,NA
2024-04-27T01:00:00Z,Chl-a,0.03
2024-04-27T01:00:00Z,Temperature,7.93
2024-04-27T00:45:00Z,Depth,1.28
2024-04-27T00:45:00Z,pH,7.53
2024-04-27T00:45:00Z,Tubidity,21.51
2024-04-27T00:45:00Z,Specific_Conductivity,53.95
2024-04-27T00:45:00Z,FDOM,1.79
2024-04-27T00:45:00Z,DO,8.84
2024-04-27T00:45:00Z,DO_Sat,NA
2024-04-27T00:45:00Z,Chl-a,0.03
2024-04-27T00:45:00Z,Temperature,8.17
2024-04-27T00:30:00Z,Depth,1.27
2024-04-27T00:30:00Z,pH,7.58
2024-04-27T00:30:00Z,Tubidity,21.24
2024-04-27T00:30:00Z,Specific_Conductivity,54.25
2024-04-27T00:30:00Z,FDOM,1.8
2024-04-27T00:30:00Z,DO,8.82
2024-04-27T00:30:00Z,DO_Sat,NA
2024-04-27T00:30:00Z,Chl-a,0.03
2024-04-27T00:30:00Z,Temperature,8.38
2024-04-27T00:15:00Z,Depth,1.26
2024-04-27T00:15:00Z,pH,7.6
2024-04-27T00:15:00Z,Tubidity,16.26
2024-04-27T00:15:00Z,Specific_Conductivity,54.38
2024-04-27T00:15:00Z,FDOM,1.8
2024-04-27T00:15:00Z,DO,8.77
2024-04-27T00:15:00Z,DO_Sat,NA
2024-04-27T00:15:00Z,Chl-a,0.03
2024-04-27T00:15:00Z,Temperature,8.55
2024-04-27T00:00:00Z,Depth,1.22
2024-04-27T00:00:00Z,pH,7.59
2024-04-27T00:00:00Z,Tubidity,18.36
2024-04-27T00:00:00Z,Specific_Conductivity,54.34
2024-04-27T00:00:00Z,FDOM,1.78
2024-04-27T00:00:00Z,DO,8.69
2024-04-27T00:00:00Z,DO_Sat,NA
2024-04-27T00:00:00Z,Chl-a,0.03
2024-04-27T00:00:00Z,Temperature,8.75
2024-04-26T23:45:00Z,Depth,1.22
2024-04-26T23:45:00Z,pH,7.6
2024-04-26T23:45:00Z,Tubidity,22.64
2024-04-26T23:45:00Z,Specific_Conductivity,54.45
2024-04-26T23:45:00Z,FDOM,1.77
2024-04-26T23:45:00Z,DO,8.67
2024-04-26T23:45:00Z,DO_Sat,NA
2024-04-26T23:45:00Z,Chl-a,0.03
2024-04-26T23:45:00Z,Temperature,8.91
2024-04-26T23:30:00Z,Depth,1.19
2024-04-26T23:30:00Z,pH,7.62
2024-04-26T23:30:00Z,Tubidity,15.25
2024-04-26T23:30:00Z,Specific_Conductivity,54.48
2024-04-26T23:30:00Z,FDOM,1.76
2024-04-26T23:30:00Z,DO,8.64
2024-04-26T23:30:00Z,DO_Sat,NA
2024-04-26T23:30:00Z,Chl-a,0.03
2024-04-26T23:30:00Z,Temperature,9.07
2024-04-26T23:15:00Z,Depth,1.21
2024-04-26T23:15:00Z,pH,7.59
2024-04-26T23:15:00Z,Tubidity,15.74
2024-04-26T23:15:00Z,Specific_Conductivity,54.42
2024-04-26T23:15:00Z,FDOM,1.74
2024-04-26T23:15:00Z,DO,8.61
2024-04-26T23:15:00Z,DO_Sat,NA
2024-04-26T23:15:00Z,Chl-a,0.03
2024-04-26T23:15:00Z,Temperature,9.22
2024-04-26T23:00:00Z,Depth,1.18
2024-04-26T23:00:00Z,pH,7.56
2024-04-26T23:00:00Z,Tubidity,17.38
2024-04-26T23:00:00Z,Specific_Conductivity,54.52
2024-04-26T23:00:00Z,FDOM,1.69
2024-04-26T23:00:00Z,DO,8.58
2024-04-26T23:00:00Z,DO_Sat,NA
2024-04-26T23:00:00Z,Chl-a,0.04
2024-04-26T23:00:00Z,Temperature,9.38
2024-04-26T22:45:00Z,Depth,1.16
2024-04-26T22:45:00Z,pH,7.65
2024-04-26T22:45:00Z,Tubidity,27.35
2024-04-26T22:45:00Z,Specific_Conductivity,54.48
2024-04-26T22:45:00Z,FDOM,1.62
2024-04-26T22:45:00Z,DO,8.58
2024-04-26T22:45:00Z,DO_Sat,NA
2024-04-26T22:45:00Z,Chl-a,0.03
2024-04-26T22:45:00Z,Temperature,9.46
2024-04-26T22:30:00Z,Depth,1.16
2024-04-26T22:30:00Z,pH,7.64
2024-04-26T22:30:00Z,Tubidity,13
2024-04-26T22:30:00Z,Specific_Conductivity,54.48
2024-04-26T22:30:00Z,FDOM,1.73
2024-04-26T22:30:00Z,DO,8.62
2024-04-26T22:30:00Z,DO_Sat,NA
2024-04-26T22:30:00Z,Chl-a,0.03
2024-04-26T22:30:00Z,Temperature,9.4
2024-04-26T22:15:00Z,Depth,1.13
2024-04-26T22:15:00Z,pH,7.64
2024-04-26T22:15:00Z,Tubidity,12.05
2024-04-26T22:15:00Z,Specific_Conductivity,54.4
2024-04-26T22:15:00Z,FDOM,1.74
2024-04-26T22:15:00Z,DO,8.64
2024-04-26T22:15:00Z,DO_Sat,NA
2024-04-26T22:15:00Z,Chl-a,0.03
2024-04-26T22:15:00Z,Temperature,9.35
2024-04-26T22:00:00Z,Depth,1.12
2024-04-26T22:00:00Z,pH,7.66
2024-04-26T22:00:00Z,Tubidity,16.75
2024-04-26T22:00:00Z,Specific_Conductivity,54.16
2024-04-26T22:00:00Z,FDOM,1.75
2024-04-26T22:00:00Z,DO,8.68
2024-04-26T22:00:00Z,DO_Sat,NA
2024-04-26T22:00:00Z,Chl-a,0.03
2024-04-26T22:00:00Z,Temperature,9.23
2024-04-26T21:45:00Z,Depth,1.13
2024-04-26T21:45:00Z,pH,7.66
2024-04-26T21:45:00Z,Tubidity,11.4
2024-04-26T21:45:00Z,Specific_Conductivity,54.05
2024-04-26T21:45:00Z,FDOM,1.75
2024-04-26T21:45:00Z,DO,8.71
2024-04-26T21:45:00Z,DO_Sat,NA
2024-04-26T21:45:00Z,Chl-a,0.03
2024-04-26T21:45:00Z,Temperature,9.11
2024-04-26T21:30:00Z,Depth,1.14
2024-04-26T21:30:00Z,pH,7.66
2024-04-26T21:30:00Z,Tubidity,17.74
2024-04-26T21:30:00Z,Specific_Conductivity,54.47
2024-04-26T21:30:00Z,FDOM,1.77
2024-04-26T21:30:00Z,DO,8.74
2024-04-26T21:30:00Z,DO_Sat,NA
2024-04-26T21:30:00Z,Chl-a,0.03
2024-04-26T21:30:00Z,Temperature,9
2024-04-26T21:15:00Z,Depth,1.12
2024-04-26T21:15:00Z,pH,7.66
2024-04-26T21:15:00Z,Tubidity,9.8
2024-04-26T21:15:00Z,Specific_Conductivity,54.57
2024-04-26T21:15:00Z,FDOM,1.77
2024-04-26T21:15:00Z,DO,8.76
2024-04-26T21:15:00Z,DO_Sat,NA
2024-04-26T21:15:00Z,Chl-a,0.03
2024-04-26T21:15:00Z,Temperature,8.92
2024-04-26T21:00:00Z,Depth,1.14
2024-04-26T21:00:00Z,pH,7.66
2024-04-26T21:00:00Z,Tubidity,11.99
2024-04-26T21:00:00Z,Specific_Conductivity,54.69
2024-04-26T21:00:00Z,FDOM,1.76
2024-04-26T21:00:00Z,DO,8.78
2024-04-26T21:00:00Z,DO_Sat,NA
2024-04-26T21:00:00Z,Chl-a,0.03
2024-04-26T21:00:00Z,Temperature,8.95
2024-04-26T20:45:00Z,Depth,1.15
2024-04-26T20:45:00Z,pH,7.68
2024-04-26T20:45:00Z,Tubidity,11.81
2024-04-26T20:45:00Z,Specific_Conductivity,54.59
2024-04-26T20:45:00Z,FDOM,1.75
2024-04-26T20:45:00Z,DO,8.81
2024-04-26T20:45:00Z,DO_Sat,NA
2024-04-26T20:45:00Z,Chl-a,0.03
2024-04-26T20:45:00Z,Temperature,8.89
2024-04-26T20:30:00Z,Depth,1.13
2024-04-26T20:30:00Z,pH,7.68
2024-04-26T20:30:00Z,Tubidity,11.69
2024-04-26T20:30:00Z,Specific_Conductivity,54.5
2024-04-26T20:30:00Z,FDOM,1.78
2024-04-26T20:30:00Z,DO,8.85
2024-04-26T20:30:00Z,DO_Sat,NA
2024-04-26T20:30:00Z,Chl-a,0.03
2024-04-26T20:30:00Z,Temperature,8.72
2024-04-26T20:15:00Z,Depth,1.14
2024-04-26T20:15:00Z,pH,7.67
2024-04-26T20:15:00Z,Tubidity,10.32
2024-04-26T20:15:00Z,Specific_Conductivity,54.45
2024-04-26T20:15:00Z,FDOM,1.79
2024-04-26T20:15:00Z,DO,8.88
2024-04-26T20:15:00Z,DO_Sat,NA
2024-04-26T20:15:00Z,Chl-a,0.03
2024-04-26T20:15:00Z,Temperature,8.52
2024-04-26T20:00:00Z,Depth,1.13
2024-04-26T20:00:00Z,pH,7.68
2024-04-26T20:00:00Z,Tubidity,12.92
2024-04-26T20:00:00Z,Specific_Conductivity,54.66
2024-04-26T20:00:00Z,FDOM,1.8
2024-04-26T20:00:00Z,DO,8.95
2024-04-26T20:00:00Z,DO_Sat,NA
2024-04-26T20:00:00Z,Chl-a,0.03
2024-04-26T20:00:00Z,Temperature,8.33
2024-04-26T19:45:00Z,Depth,1.13
2024-04-26T19:45:00Z,pH,7.61
2024-04-26T19:45:00Z,Tubidity,12.08
2024-04-26T19:45:00Z,Specific_Conductivity,54.61
2024-04-26T19:45:00Z,FDOM,1.78
2024-04-26T19:45:00Z,DO,9
2024-04-26T19:45:00Z,DO_Sat,NA
2024-04-26T19:45:00Z,Chl-a,0.03
2024-04-26T19:45:00Z,Temperature,8.11
2024-04-26T19:30:00Z,Depth,1.15
2024-04-26T19:30:00Z,pH,7.68
2024-04-26T19:30:00Z,Tubidity,13.51
2024-04-26T19:30:00Z,Specific_Conductivity,54.94
2024-04-26T19:30:00Z,FDOM,1.85
2024-04-26T19:30:00Z,DO,9.08
2024-04-26T19:30:00Z,DO_Sat,NA
2024-04-26T19:30:00Z,Chl-a,0.03
2024-04-26T19:30:00Z,Temperature,7.78
2024-04-26T19:15:00Z,Depth,1.14
2024-04-26T19:15:00Z,pH,7.67
2024-04-26T19:15:00Z,Tubidity,10.84
2024-04-26T19:15:00Z,Specific_Conductivity,54.74
2024-04-26T19:15:00Z,FDOM,1.87
2024-04-26T19:15:00Z,DO,9.13
2024-04-26T19:15:00Z,DO_Sat,NA
2024-04-26T19:15:00Z,Chl-a,0.03
2024-04-26T19:15:00Z,Temperature,7.49
2024-04-26T19:00:00Z,Depth,1.13
2024-04-26T19:00:00Z,pH,7.67
2024-04-26T19:00:00Z,Tubidity,11.86
2024-04-26T19:00:00Z,Specific_Conductivity,54.79
2024-04-26T19:00:00Z,FDOM,1.9
2024-04-26T19:00:00Z,DO,9.2
2024-04-26T19:00:00Z,DO_Sat,NA
2024-04-26T19:00:00Z,Chl-a,0.02
2024-04-26T19:00:00Z,Temperature,7.23
2024-04-26T18:45:00Z,Depth,1.17
2024-04-26T18:45:00Z,pH,7.66
2024-04-26T18:45:00Z,Tubidity,14
2024-04-26T18:45:00Z,Specific_Conductivity,54.72
2024-04-26T18:45:00Z,FDOM,1.92
2024-04-26T18:45:00Z,DO,9.27
2024-04-26T18:45:00Z,DO_Sat,NA
2024-04-26T18:45:00Z,Chl-a,0.03
2024-04-26T18:45:00Z,Temperature,6.99
2024-04-26T18:30:00Z,Depth,1.15
2024-04-26T18:30:00Z,pH,7.66
2024-04-26T18:30:00Z,Tubidity,13.09
2024-04-26T18:30:00Z,Specific_Conductivity,54.82
2024-04-26T18:30:00Z,FDOM,1.94
2024-04-26T18:30:00Z,DO,9.33
2024-04-26T18:30:00Z,DO_Sat,NA
2024-04-26T18:30:00Z,Chl-a,0.03
2024-04-26T18:30:00Z,Temperature,6.69
2024-04-26T18:15:00Z,Depth,1.16
2024-04-26T18:15:00Z,pH,7.67
2024-04-26T18:15:00Z,Tubidity,13.4
2024-04-26T18:15:00Z,Specific_Conductivity,54.99
2024-04-26T18:15:00Z,FDOM,1.96
2024-04-26T18:15:00Z,DO,9.43
2024-04-26T18:15:00Z,DO_Sat,NA
2024-04-26T18:15:00Z,Chl-a,0.03
2024-04-26T18:15:00Z,Temperature,6.35
2024-04-26T18:00:00Z,Depth,1.17
2024-04-26T18:00:00Z,pH,7.65
2024-04-26T18:00:00Z,Tubidity,14.97
2024-04-26T18:00:00Z,Specific_Conductivity,54.77
2024-04-26T18:00:00Z,FDOM,1.97
2024-04-26T18:00:00Z,DO,9.51
2024-04-26T18:00:00Z,DO_Sat,NA
2024-04-26T18:00:00Z,Chl-a,0.03
2024-04-26T18:00:00Z,Temperature,6.01
2024-04-26T17:45:00Z,Depth,1.17
2024-04-26T17:45:00Z,pH,7.66
2024-04-26T17:45:00Z,Tubidity,29.57
2024-04-26T17:45:00Z,Specific_Conductivity,54.78
2024-04-26T17:45:00Z,FDOM,1.9
2024-04-26T17:45:00Z,DO,9.58
2024-04-26T17:45:00Z,DO_Sat,NA
2024-04-26T17:45:00Z,Chl-a,0.03
2024-04-26T17:45:00Z,Temperature,5.69
2024-04-26T17:30:00Z,Depth,1.18
2024-04-26T17:30:00Z,pH,7.64
2024-04-26T17:30:00Z,Tubidity,14.11
2024-04-26T17:30:00Z,Specific_Conductivity,54.86
2024-04-26T17:30:00Z,FDOM,2.07
2024-04-26T17:30:00Z,DO,9.67
2024-04-26T17:30:00Z,DO_Sat,NA
2024-04-26T17:30:00Z,Chl-a,0.03
2024-04-26T17:30:00Z,Temperature,5.22
2024-04-26T17:15:00Z,Depth,1.18
2024-04-26T17:15:00Z,pH,7.63
2024-04-26T17:15:00Z,Tubidity,14.63
2024-04-26T17:15:00Z,Specific_Conductivity,55.17
2024-04-26T17:15:00Z,FDOM,2.1
2024-04-26T17:15:00Z,DO,9.72
2024-04-26T17:15:00Z,DO_Sat,NA
2024-04-26T17:15:00Z,Chl-a,0.02
2024-04-26T17:15:00Z,Temperature,5.06
2024-04-26T17:00:00Z,Depth,1.17
2024-04-26T17:00:00Z,pH,7.63
2024-04-26T17:00:00Z,Tubidity,14.46
2024-04-26T17:00:00Z,Specific_Conductivity,55.07
2024-04-26T17:00:00Z,FDOM,2.1
2024-04-26T17:00:00Z,DO,9.78
2024-04-26T17:00:00Z,DO_Sat,NA
2024-04-26T17:00:00Z,Chl-a,0.03
2024-04-26T17:00:00Z,Temperature,4.82
2024-04-26T16:45:00Z,Depth,1.18
2024-04-26T16:45:00Z,pH,7.59
2024-04-26T16:45:00Z,Tubidity,12.75
2024-04-26T16:45:00Z,Specific_Conductivity,55.06
2024-04-26T16:45:00Z,FDOM,2.16
2024-04-26T16:45:00Z,DO,9.84
2024-04-26T16:45:00Z,DO_Sat,NA
2024-04-26T16:45:00Z,Chl-a,0.02
2024-04-26T16:45:00Z,Temperature,4.55
2024-04-27T16:00:00Z,Depth,1.44
2024-04-27T16:00:00Z,pH,7.53
2024-04-27T16:00:00Z,Tubidity,12.01
2024-04-27T16:00:00Z,Specific_Conductivity,51.85
2024-04-27T16:00:00Z,FDOM,2.24
2024-04-27T16:00:00Z,DO,10.91
2024-04-27T16:00:00Z,DO_Sat,NA
2024-04-27T16:00:00Z,Chl-a,0.02
2024-04-27T16:00:00Z,Temperature,0.58
2024-04-27T15:45:00Z,Depth,1.43
2024-04-27T15:45:00Z,pH,7.52
2024-04-27T15:45:00Z,Tubidity,12.86
2024-04-27T15:45:00Z,Specific_Conductivity,51.83
2024-04-27T15:45:00Z,FDOM,2.24
2024-04-27T15:45:00Z,DO,10.92
2024-04-27T15:45:00Z,DO_Sat,NA
2024-04-27T15:45:00Z,Chl-a,0.02
2024-04-27T15:45:00Z,Temperature,0.54
2024-04-27T15:30:00Z,Depth,1.44
2024-04-27T15:30:00Z,pH,7.51
2024-04-27T15:30:00Z,Tubidity,12.63
2024-04-27T15:30:00Z,Specific_Conductivity,51.92
2024-04-27T15:30:00Z,FDOM,2.24
2024-04-27T15:30:00Z,DO,10.92
2024-04-27T15:30:00Z,DO_Sat,NA
2024-04-27T15:30:00Z,Chl-a,0.03
2024-04-27T15:30:00Z,Temperature,0.52
2024-04-27T15:15:00Z,Depth,1.42
2024-04-27T15:15:00Z,pH,7.51
2024-04-27T15:15:00Z,Tubidity,16.81
2024-04-27T15:15:00Z,Specific_Conductivity,52.12
2024-04-27T15:15:00Z,FDOM,2.25
2024-04-27T15:15:00Z,DO,10.92
2024-04-27T15:15:00Z,DO_Sat,NA
2024-04-27T15:15:00Z,Chl-a,0.03
2024-04-27T15:15:00Z,Temperature,0.5
2024-04-27T15:00:00Z,Depth,1.43
2024-04-27T15:00:00Z,pH,7.51
2024-04-27T15:00:00Z,Tubidity,15.33
2024-04-27T15:00:00Z,Specific_Conductivity,52.09
2024-04-27T15:00:00Z,FDOM,2.24
2024-04-27T15:00:00Z,DO,10.91
2024-04-27T15:00:00Z,DO_Sat,NA
2024-04-27T15:00:00Z,Chl-a,0.02
2024-04-27T15:00:00Z,Temperature,0.51
2024-04-27T14:45:00Z,Depth,1.44
2024-04-27T14:45:00Z,pH,7.49
2024-04-27T14:45:00Z,Tubidity,13.91
2024-04-27T14:45:00Z,Specific_Conductivity,51.48
2024-04-27T14:45:00Z,FDOM,2.24
2024-04-27T14:45:00Z,DO,10.89
2024-04-27T14:45:00Z,DO_Sat,NA
2024-04-27T14:45:00Z,Chl-a,0.03
2024-04-27T14:45:00Z,Temperature,0.51
2024-04-27T14:30:00Z,Depth,1.43
2024-04-27T14:30:00Z,pH,7.52
2024-04-27T14:30:00Z,Tubidity,17.56
2024-04-27T14:30:00Z,Specific_Conductivity,52
2024-04-27T14:30:00Z,FDOM,2.24
2024-04-27T14:30:00Z,DO,10.89
2024-04-27T14:30:00Z,DO_Sat,NA
2024-04-27T14:30:00Z,Chl-a,0.03
2024-04-27T14:30:00Z,Temperature,0.52
2024-04-27T14:15:00Z,Depth,1.43
2024-04-27T14:15:00Z,pH,7.51
2024-04-27T14:15:00Z,Tubidity,14.35
2024-04-27T14:15:00Z,Specific_Conductivity,52.14
2024-04-27T14:15:00Z,FDOM,2.24
2024-04-27T14:15:00Z,DO,10.89
2024-04-27T14:15:00Z,DO_Sat,NA
2024-04-27T14:15:00Z,Chl-a,0.03
2024-04-27T14:15:00Z,Temperature,0.48
2024-04-27T14:00:00Z,Depth,1.43
2024-04-27T14:00:00Z,pH,7.5
2024-04-27T14:00:00Z,Tubidity,16.12
2024-04-27T14:00:00Z,Specific_Conductivity,52.16
2024-04-27T14:00:00Z,FDOM,2.23
2024-04-27T14:00:00Z,DO,10.86
2024-04-27T14:00:00Z,DO_Sat,NA
2024-04-27T14:00:00Z,Chl-a,0.03
2024-04-27T14:00:00Z,Temperature,0.52
2024-04-27T13:45:00Z,Depth,1.41
2024-04-27T13:45:00Z,pH,7.5
2024-04-27T13:45:00Z,Tubidity,16.07
2024-04-27T13:45:00Z,Specific_Conductivity,52.31
2024-04-27T13:45:00Z,FDOM,2.23
2024-04-27T13:45:00Z,DO,10.82
2024-04-27T13:45:00Z,DO_Sat,NA
2024-04-27T13:45:00Z,Chl-a,0.03
2024-04-27T13:45:00Z,Temperature,0.54
2024-04-27T13:30:00Z,Depth,1.43
2024-04-27T13:30:00Z,pH,7.48
2024-04-27T13:30:00Z,Tubidity,14.19
2024-04-27T13:30:00Z,Specific_Conductivity,52.53
2024-04-27T13:30:00Z,FDOM,2.23
2024-04-27T13:30:00Z,DO,10.83
2024-04-27T13:30:00Z,DO_Sat,NA
2024-04-27T13:30:00Z,Chl-a,0.03
2024-04-27T13:30:00Z,Temperature,0.53
2024-04-27T13:15:00Z,Depth,1.42
2024-04-27T13:15:00Z,pH,7.48
2024-04-27T13:15:00Z,Tubidity,14.96
2024-04-27T13:15:00Z,Specific_Conductivity,52.39
2024-04-27T13:15:00Z,FDOM,2.23
2024-04-27T13:15:00Z,DO,10.81
2024-04-27T13:15:00Z,DO_Sat,NA
2024-04-27T13:15:00Z,Chl-a,0.03
2024-04-27T13:15:00Z,Temperature,0.53
2024-04-27T13:00:00Z,Depth,1.38
2024-04-27T13:00:00Z,pH,7.46
2024-04-27T13:00:00Z,Tubidity,17.73
2024-04-27T13:00:00Z,Specific_Conductivity,52.36
2024-04-27T13:00:00Z,FDOM,2.21
2024-04-27T13:00:00Z,DO,10.8
2024-04-27T13:00:00Z,DO_Sat,NA
2024-04-27T13:00:00Z,Chl-a,0.05
2024-04-27T13:00:00Z,Temperature,0.53
2024-04-27T12:45:00Z,Depth,1.4
2024-04-27T12:45:00Z,pH,7.48
2024-04-27T12:45:00Z,Tubidity,21.81
2024-04-27T12:45:00Z,Specific_Conductivity,52.36
2024-04-27T12:45:00Z,FDOM,2.22
2024-04-27T12:45:00Z,DO,10.76
2024-04-27T12:45:00Z,DO_Sat,NA
2024-04-27T12:45:00Z,Chl-a,0.03
2024-04-27T12:45:00Z,Temperature,0.58
2024-04-27T12:30:00Z,Depth,1.39
2024-04-27T12:30:00Z,pH,7.43
2024-04-27T12:30:00Z,Tubidity,17.7
2024-04-27T12:30:00Z,Specific_Conductivity,52.51
2024-04-27T12:30:00Z,FDOM,2.23
2024-04-27T12:30:00Z,DO,10.76
2024-04-27T12:30:00Z,DO_Sat,NA
2024-04-27T12:30:00Z,Chl-a,0.03
2024-04-27T12:30:00Z,Temperature,0.61
2024-04-27T12:15:00Z,Depth,1.37
2024-04-27T12:15:00Z,pH,7.45
2024-04-27T12:15:00Z,Tubidity,19.36
2024-04-27T12:15:00Z,Specific_Conductivity,52.57
2024-04-27T12:15:00Z,FDOM,2.22
2024-04-27T12:15:00Z,DO,10.76
2024-04-27T12:15:00Z,DO_Sat,NA
2024-04-27T12:15:00Z,Chl-a,0.03
2024-04-27T12:15:00Z,Temperature,0.7
2024-04-27T12:00:00Z,Depth,1.37
2024-04-27T12:00:00Z,pH,7.47
2024-04-27T12:00:00Z,Tubidity,18
2024-04-27T12:00:00Z,Specific_Conductivity,52.17
2024-04-27T12:00:00Z,FDOM,2.22
2024-04-27T12:00:00Z,DO,10.74
2024-04-27T12:00:00Z,DO_Sat,NA
2024-04-27T12:00:00Z,Chl-a,0.03
2024-04-27T12:00:00Z,Temperature,0.73
2024-04-27T11:45:00Z,Depth,1.35
2024-04-27T11:45:00Z,pH,7.48
2024-04-27T11:45:00Z,Tubidity,18.94
2024-04-27T11:45:00Z,Specific_Conductivity,52
2024-04-27T11:45:00Z,FDOM,2.23
2024-04-27T11:45:00Z,DO,10.72
2024-04-27T11:45:00Z,DO_Sat,NA
2024-04-27T11:45:00Z,Chl-a,0.03
2024-04-27T11:45:00Z,Temperature,0.8
2024-04-27T11:30:00Z,Depth,1.35
2024-04-27T11:30:00Z,pH,7.47
2024-04-27T11:30:00Z,Tubidity,22.2
2024-04-27T11:30:00Z,Specific_Conductivity,51.95
2024-04-27T11:30:00Z,FDOM,2.22
2024-04-27T11:30:00Z,DO,10.7
2024-04-27T11:30:00Z,DO_Sat,NA
2024-04-27T11:30:00Z,Chl-a,0.03
2024-04-27T11:30:00Z,Temperature,0.9
2024-04-27T11:15:00Z,Depth,1.35
2024-04-27T11:15:00Z,pH,7.46
2024-04-27T11:15:00Z,Tubidity,20.14
2024-04-27T11:15:00Z,Specific_Conductivity,51.89
2024-04-27T11:15:00Z,FDOM,2.22
2024-04-27T11:15:00Z,DO,10.73
2024-04-27T11:15:00Z,DO_Sat,NA
2024-04-27T11:15:00Z,Chl-a,0.03
2024-04-27T11:15:00Z,Temperature,0.94
2024-04-27T11:00:00Z,Depth,1.35
2024-04-27T11:00:00Z,pH,7.41
2024-04-27T11:00:00Z,Tubidity,20.59
2024-04-27T11:00:00Z,Specific_Conductivity,51.51
2024-04-27T11:00:00Z,FDOM,2.22
2024-04-27T11:00:00Z,DO,10.73
2024-04-27T11:00:00Z,DO_Sat,NA
2024-04-27T11:00:00Z,Chl-a,0.03
2024-04-27T11:00:00Z,Temperature,0.91
2024-04-27T10:45:00Z,Depth,1.36
2024-04-27T10:45:00Z,pH,7.4
2024-04-27T10:45:00Z,Tubidity,20.28
2024-04-27T10:45:00Z,Specific_Conductivity,51.21
2024-04-27T10:45:00Z,FDOM,2.22
2024-04-27T10:45:00Z,DO,10.74
2024-04-27T10:45:00Z,DO_Sat,NA
2024-04-27T10:45:00Z,Chl-a,0.04
2024-04-27T10:45:00Z,Temperature,0.87
2024-04-27T10:30:00Z,Depth,1.35
2024-04-27T10:30:00Z,pH,7.44
2024-04-27T10:30:00Z,Tubidity,17.54
2024-04-27T10:30:00Z,Specific_Conductivity,51.18
2024-04-27T10:30:00Z,FDOM,2.2
2024-04-27T10:30:00Z,DO,10.75
2024-04-27T10:30:00Z,DO_Sat,NA
2024-04-27T10:30:00Z,Chl-a,0.03
2024-04-27T10:30:00Z,Temperature,0.84
2024-04-27T10:15:00Z,Depth,1.35
2024-04-27T10:15:00Z,pH,7.44
2024-04-27T10:15:00Z,Tubidity,17.97
2024-04-27T10:15:00Z,Specific_Conductivity,50.94
2024-04-27T10:15:00Z,FDOM,2.19
2024-04-27T10:15:00Z,DO,10.75
2024-04-27T10:15:00Z,DO_Sat,NA
2024-04-27T10:15:00Z,Chl-a,0.03
2024-04-27T10:15:00Z,Temperature,0.82
2024-04-27T10:00:00Z,Depth,1.35
2024-04-27T10:00:00Z,pH,7.41
2024-04-27T10:00:00Z,Tubidity,21.5
2024-04-27T10:00:00Z,Specific_Conductivity,50.83
2024-04-27T10:00:00Z,FDOM,2.17
2024-04-27T10:00:00Z,DO,10.76
2024-04-27T10:00:00Z,DO_Sat,NA
2024-04-27T10:00:00Z,Chl-a,0.03
2024-04-27T10:00:00Z,Temperature,0.79
2024-04-27T09:45:00Z,Depth,1.35
2024-04-27T09:45:00Z,pH,7.37
2024-04-27T09:45:00Z,Tubidity,22.33
2024-04-27T09:45:00Z,Specific_Conductivity,50.49
2024-04-27T09:45:00Z,FDOM,2.16
2024-04-27T09:45:00Z,DO,10.77
2024-04-27T09:45:00Z,DO_Sat,NA
2024-04-27T09:45:00Z,Chl-a,0.03
2024-04-27T09:45:00Z,Temperature,0.77
2024-04-27T09:30:00Z,Depth,1.38
2024-04-27T09:30:00Z,pH,7.41
2024-04-27T09:30:00Z,Tubidity,22.43
2024-04-27T09:30:00Z,Specific_Conductivity,50.27
2024-04-27T09:30:00Z,FDOM,2.17
2024-04-27T09:30:00Z,DO,10.77
2024-04-27T09:30:00Z,DO_Sat,NA
2024-04-27T09:30:00Z,Chl-a,0.04
2024-04-27T09:30:00Z,Temperature,0.75
2024-04-27T09:15:00Z,Depth,1.38
2024-04-27T09:15:00Z,pH,7.39
2024-04-27T09:15:00Z,Tubidity,24.77
2024-04-27T09:15:00Z,Specific_Conductivity,50.14
2024-04-27T09:15:00Z,FDOM,2.16
2024-04-27T09:15:00Z,DO,10.8
2024-04-27T09:15:00Z,DO_Sat,NA
2024-04-27T09:15:00Z,Chl-a,0.03
2024-04-27T09:15:00Z,Temperature,0.73
2024-04-27T09:00:00Z,Depth,1.41
2024-04-27T09:00:00Z,pH,7.39
2024-04-27T09:00:00Z,Tubidity,22.92
2024-04-27T09:00:00Z,Specific_Conductivity,49.98
2024-04-27T09:00:00Z,FDOM,2.14
2024-04-27T09:00:00Z,DO,10.79
2024-04-27T09:00:00Z,DO_Sat,NA
2024-04-27T09:00:00Z,Chl-a,0.03
2024-04-27T09:00:00Z,Temperature,0.74
2024-04-27T08:45:00Z,Depth,1.4
2024-04-27T08:45:00Z,pH,7.39
2024-04-27T08:45:00Z,Tubidity,26.48
2024-04-27T08:45:00Z,Specific_Conductivity,50.06
2024-04-27T08:45:00Z,FDOM,2.16
2024-04-27T08:45:00Z,DO,10.76
2024-04-27T08:45:00Z,DO_Sat,NA
2024-04-27T08:45:00Z,Chl-a,0.03
2024-04-27T08:45:00Z,Temperature,0.77
2024-04-27T08:30:00Z,Depth,1.43
2024-04-27T08:30:00Z,pH,7.39
2024-04-27T08:30:00Z,Tubidity,29.07
2024-04-27T08:30:00Z,Specific_Conductivity,49.53
2024-04-27T08:30:00Z,FDOM,2.14
2024-04-27T08:30:00Z,DO,10.77
2024-04-27T08:30:00Z,DO_Sat,NA
2024-04-27T08:30:00Z,Chl-a,0.03
2024-04-27T08:30:00Z,Temperature,0.79
2024-04-27T08:15:00Z,Depth,1.44
2024-04-27T08:15:00Z,pH,7.37
2024-04-27T08:15:00Z,Tubidity,25.21
2024-04-27T08:15:00Z,Specific_Conductivity,49.53
2024-04-27T08:15:00Z,FDOM,2.15
2024-04-27T08:15:00Z,DO,10.74
2024-04-27T08:15:00Z,DO_Sat,NA
2024-04-27T08:15:00Z,Chl-a,0.03
2024-04-27T08:15:00Z,Temperature,0.83
2024-04-27T08:00:00Z,Depth,1.44
2024-04-27T08:00:00Z,pH,7.37
2024-04-27T08:00:00Z,Tubidity,32.77
2024-04-27T08:00:00Z,Specific_Conductivity,49.49
2024-04-27T08:00:00Z,FDOM,2.12
2024-04-27T08:00:00Z,DO,10.7
2024-04-27T08:00:00Z,DO_Sat,NA
2024-04-27T08:00:00Z,Chl-a,0.04
2024-04-27T08:00:00Z,Temperature,0.9
2024-04-27T07:45:00Z,Depth,1.45
2024-04-27T07:45:00Z,pH,7.35
2024-04-27T07:45:00Z,Tubidity,30.35
2024-04-27T07:45:00Z,Specific_Conductivity,49.57
2024-04-27T07:45:00Z,FDOM,2.11
2024-04-27T07:45:00Z,DO,10.68
2024-04-27T07:45:00Z,DO_Sat,NA
2024-04-27T07:45:00Z,Chl-a,0.03
2024-04-27T07:45:00Z,Temperature,1
2024-04-27T07:30:00Z,Depth,1.47
2024-04-27T07:30:00Z,pH,7.4
2024-04-27T07:30:00Z,Tubidity,34.19
2024-04-27T07:30:00Z,Specific_Conductivity,49.28
2024-04-27T07:30:00Z,FDOM,2.09
2024-04-27T07:30:00Z,DO,10.61
2024-04-27T07:30:00Z,DO_Sat,NA
2024-04-27T07:30:00Z,Chl-a,0.03
2024-04-27T07:30:00Z,Temperature,1.16
2024-04-27T07:15:00Z,Depth,1.45
2024-04-27T07:15:00Z,pH,7.36
2024-04-27T07:15:00Z,Tubidity,33.52
2024-04-27T07:15:00Z,Specific_Conductivity,49.33
2024-04-27T07:15:00Z,FDOM,2.08
2024-04-27T07:15:00Z,DO,10.57
2024-04-27T07:15:00Z,DO_Sat,NA
2024-04-27T07:15:00Z,Chl-a,0.03
2024-04-27T07:15:00Z,Temperature,1.32
2024-04-27T07:00:00Z,Depth,1.47
2024-04-27T07:00:00Z,pH,7.36
2024-04-27T07:00:00Z,Tubidity,32.72
2024-04-27T07:00:00Z,Specific_Conductivity,49.25
2024-04-27T07:00:00Z,FDOM,2.08
2024-04-27T07:00:00Z,DO,10.53
2024-04-27T07:00:00Z,DO_Sat,NA
2024-04-27T07:00:00Z,Chl-a,0.04
2024-04-27T07:00:00Z,Temperature,1.49
2024-04-27T06:45:00Z,Depth,1.46
2024-04-27T06:45:00Z,pH,7.36
2024-04-27T06:45:00Z,Tubidity,32.07
2024-04-27T06:45:00Z,Specific_Conductivity,49.65
2024-04-27T06:45:00Z,FDOM,2.07
2024-04-27T06:45:00Z,DO,10.45
2024-04-27T06:45:00Z,DO_Sat,NA
2024-04-27T06:45:00Z,Chl-a,0.04
2024-04-27T06:45:00Z,Temperature,1.71
2024-04-27T06:30:00Z,Depth,1.48
2024-04-27T06:30:00Z,pH,7.36
2024-04-27T06:30:00Z,Tubidity,37.08
2024-04-27T06:30:00Z,Specific_Conductivity,50.02
2024-04-27T06:30:00Z,FDOM,2.05
2024-04-27T06:30:00Z,DO,10.37
2024-04-27T06:30:00Z,DO_Sat,NA
2024-04-27T06:30:00Z,Chl-a,0.04
2024-04-27T06:30:00Z,Temperature,1.98
2024-04-27T06:15:00Z,Depth,1.47
2024-04-27T06:15:00Z,pH,7.37
2024-04-27T06:15:00Z,Tubidity,37.73
2024-04-27T06:15:00Z,Specific_Conductivity,50.44
2024-04-27T06:15:00Z,FDOM,2.04
2024-04-27T06:15:00Z,DO,10.28
2024-04-27T06:15:00Z,DO_Sat,NA
2024-04-27T06:15:00Z,Chl-a,0.03
2024-04-27T06:15:00Z,Temperature,2.26
2024-04-27T06:00:00Z,Depth,1.49
2024-04-27T06:00:00Z,pH,7.38
2024-04-27T06:00:00Z,Tubidity,30.66
2024-04-27T06:00:00Z,Specific_Conductivity,50.65
2024-04-27T06:00:00Z,FDOM,2.06
2024-04-27T06:00:00Z,DO,10.18
2024-04-27T06:00:00Z,DO_Sat,NA
2024-04-27T06:00:00Z,Chl-a,0.04
2024-04-27T06:00:00Z,Temperature,2.6
2024-04-27T05:45:00Z,Depth,1.48
2024-04-27T05:45:00Z,pH,7.38
2024-04-27T05:45:00Z,Tubidity,27.95
2024-04-27T05:45:00Z,Specific_Conductivity,50.59
2024-04-27T05:45:00Z,FDOM,2.07
2024-04-27T05:45:00Z,DO,10.07
2024-04-27T05:45:00Z,DO_Sat,NA
2024-04-27T05:45:00Z,Chl-a,0.03
2024-04-27T05:45:00Z,Temperature,2.97
2024-04-27T05:30:00Z,Depth,1.46
2024-04-27T05:30:00Z,pH,7.41
2024-04-27T05:30:00Z,Tubidity,36.46
2024-04-27T05:30:00Z,Specific_Conductivity,50.83
2024-04-27T05:30:00Z,FDOM,2.06
2024-04-27T05:30:00Z,DO,9.97
2024-04-27T05:30:00Z,DO_Sat,NA
2024-04-27T05:30:00Z,Chl-a,0.04
2024-04-27T05:30:00Z,Temperature,3.36
2024-04-27T05:15:00Z,Depth,1.48
2024-04-27T05:15:00Z,pH,7.4
2024-04-27T05:15:00Z,Tubidity,29.39
2024-04-27T05:15:00Z,Specific_Conductivity,51.24
2024-04-27T05:15:00Z,FDOM,2.02
2024-04-27T05:15:00Z,DO,9.88
2024-04-27T05:15:00Z,DO_Sat,NA
2024-04-27T05:15:00Z,Chl-a,0.03
2024-04-27T05:15:00Z,Temperature,3.7
2024-04-27T05:00:00Z,Depth,1.47
2024-04-27T05:00:00Z,pH,7.38
2024-04-27T05:00:00Z,Tubidity,34.71
2024-04-27T05:00:00Z,Specific_Conductivity,51.8
2024-04-27T05:00:00Z,FDOM,2.03
2024-04-27T05:00:00Z,DO,9.78
2024-04-27T05:00:00Z,DO_Sat,NA
2024-04-27T05:00:00Z,Chl-a,0.03
2024-04-27T05:00:00Z,Temperature,3.96
2024-04-27T04:45:00Z,Depth,1.44
2024-04-27T04:45:00Z,pH,7.43
2024-04-27T04:45:00Z,Tubidity,33.98
2024-04-27T04:45:00Z,Specific_Conductivity,51.76
2024-04-27T04:45:00Z,FDOM,2.04
2024-04-27T04:45:00Z,DO,9.65
2024-04-27T04:45:00Z,DO_Sat,NA
2024-04-27T04:45:00Z,Chl-a,0.04
2024-04-27T04:45:00Z,Temperature,4.37
2024-04-27T04:30:00Z,Depth,1.46
2024-04-27T04:30:00Z,pH,7.45
2024-04-27T04:30:00Z,Tubidity,30.52
2024-04-27T04:30:00Z,Specific_Conductivity,51.46
2024-04-27T04:30:00Z,FDOM,2.05
2024-04-27T04:30:00Z,DO,9.58
2024-04-27T04:30:00Z,DO_Sat,NA
2024-04-27T04:30:00Z,Chl-a,0.03
2024-04-27T04:30:00Z,Temperature,4.85
2024-04-27T04:15:00Z,Depth,1.45
2024-04-27T04:15:00Z,pH,7.41
2024-04-27T04:15:00Z,Tubidity,29.46
2024-04-27T04:15:00Z,Specific_Conductivity,51.53
2024-04-27T04:15:00Z,FDOM,2.03
2024-04-27T04:15:00Z,DO,9.5
2024-04-27T04:15:00Z,DO_Sat,NA
2024-04-27T04:15:00Z,Chl-a,0.04
2024-04-27T04:15:00Z,Temperature,5.32
